cluster_label,wd_0,wd_1,wd_2,wd_3,wd_4,wd_5,wd_6,wd_7,wd_8,wd_9,wd_10,wd_11,wd_12,wd_13,wd_14,wd_15,wd_16,wd_17,wd_18,wd_19,wd_20,wd_21,wd_22,wd_23,wd_24,wd_25,wd_26,wd_27,wd_28,wd_29,wd_30,wd_31,wd_32,wd_33,wd_34,wd_35,wd_36,wd_37,wd_38,wd_39,wd_40,wd_41,wd_42,wd_43,wd_44,wd_45,wd_46,wd_47
overnight_dominant,0.10045125569711702,0.07807632139505521,0.06239410270127443,0.0538109160205666,0.04319013931330436,0.03497132401875626,0.027612689614690863,0.024763784276009587,0.02351752984313241,0.02079949701218969,0.01910275439331438,0.02092030096848392,0.025922803839163268,0.0072342444380878584,0.007978818519394217,0.008397726571614588,0.008405315730975617,0.008289905435800899,0.008284465691149,0.008560530889268728,0.008901175618018311,0.00920040217634922,0.010037643945297731,0.010282559547306789,0.010114886578482108,0.009734145397686111,0.00940020776673076,0.00878216529712101,0.008723868115718368,0.008755324874800869,0.009015994905693929,0.009492134544638639,0.01026387162894875,0.01158096137923242,0.013658502057218762,0.013293370741837337,0.014486519674557972,0.01364649899548841,0.012754579423818746,0.012368835872913347,0.01208259259255464,0.011538473667286095,0.01179380608086594,0.01040940825109963,0.009251831003727808,0.007644962436982778,0.00623649933372581,0.12386435172254644
evening_peak_typical,0.013829488866769513,0.012627766383836166,0.011826376456650042,0.011542899593138024,0.011114004821554719,0.010737597218563433,0.010660145615262122,0.010692137812393114,0.011050775146632753,0.01168209382187497,0.013378450430666995,0.01559144726953559,0.01829927030763588,0.020586271028829758,0.022639365496892827,0.023467503375016786,0.023150018512483942,0.022506683497966216,0.02171668982710238,0.020638976373487324,0.02004561120772366,0.01988172493445149,0.02008509294240983,0.020222636650637487,0.020429158905783572,0.020193295160894274,0.019811277519512976,0.019519633707661684,0.019582592241640554,0.019892574671034224,0.020623804472558155,0.022031482402378292,0.0245181914956889,0.02661010123125233,0.029325883619034362,0.03062390972871643,0.03242624642572706,0.03288732056688883,0.03289189941909194,0.03271714741336878,0.03197462718915134,0.030959449025369942,0.02960240395519591,0.026951250100956208,0.023928696087282545,0.020833104457816203,0.018012632728379996,0.01568028988309817
