{
  "W1_5_premise_demand_shape": {
    "baseline": "worst cell = summer: company temperature-only degree-day weather-normalisation MAE 2276 MW vs no-skill 2190 MW",
    "components": {
      "baseline_choice": "g0 = climatological-mean no-skill (predict the average demand); the FRAME's flat-national-degree-day alternative is registered as an L2 refinement (a per-day series prediction_gap's scalar prior cannot hold)",
      "belief_coeffs": {
        "b_cdd": 506.36574160928086,
        "b_hdd": 748.9262264940885,
        "base": 23953.937578533853,
        "n_train": 3337,
        "r2": 0.5509408653741079
      },
      "belief_form": "temperature-only degree-day: demand ~ base + b_hdd*HDD + b_cdd*CDD",
      "per_cell": {
        "cold": {
          "bias_model": -313.242199,
          "gap": 0.9371219360790769,
          "mae_model": 2493.719004,
          "mae_noskill": 2661.04005,
          "n": 668
        },
        "cold_windy_tail": {
          "bias_model": -211.193654,
          "gap": 0.9245637326964906,
          "mae_model": 2419.528801,
          "mae_noskill": 2616.941066,
          "n": 122
        },
        "shoulder": {
          "bias_model": -21.341794,
          "gap": 1.0112933204570755,
          "mae_model": 2304.330772,
          "mae_noskill": 2278.597836,
          "n": 1160
        },
        "summer": {
          "bias_model": 62.917734,
          "gap": 1.0395350097915033,
          "mae_model": 2276.340424,
          "mae_noskill": 2189.767928,
          "n": 823
        },
        "warm": {
          "bias_model": -534.404663,
          "gap": 1.0060716338409152,
          "mae_model": 2171.000478,
          "mae_noskill": 2157.898508,
          "n": 668
        },
        "winter": {
          "bias_model": -786.510083,
          "gap": 0.8637351468298607,
          "mae_model": 2518.026843,
          "mae_noskill": 2915.276578,
          "n": 798
        }
      },
      "population_gap": 0.6618755270941703,
      "population_mae_model": 2471.274438,
      "population_mae_noskill": 3733.744998,
      "score_definition": "worst-explained cell (campaign req 1), not the population average",
      "tail_bias_mw": -211.193654,
      "worst_cell": "summer",
      "worst_cell_gap": 1.0395350097915033
    },
    "g0": 2189.767928,
    "gap": 1.0395350097915033,
    "measured_at": "2026-07-21T07:12:52.704906+00:00",
    "metric": "prediction",
    "note": "W1_5 premise-demand weather-normalisation: company temperature-only degree-day belief vs the real national demand outturn (the W1_5-consistent aggregate truth). SCORE = worst cell (summer, gap 1.040); the company fits the seasonal degree-day shape (population gap 0.662) but under-explains the cold-and-windy tail -- it cannot see wind chill (CWV) or the W1_5 regional-dispersion convexity, by the wall. R12: diagnostic, not a target.",
    "raw_gap": 2276.340424,
    "run_git_commit": "588fc8a91de28fed0a30b4557e34e2d98748f79b",
    "twin_atom_id": "C13_weather_normalisation"
  },
  "W1_6_physics_price_signal": {
    "baseline": "worst cell = cold_still_tail: company linear weather->price MAE \u00a337.24/MWh vs no-skill \u00a393.72/MWh",
    "components": {
      "belief_coeffs": {
        "b_gas": 2.357359913849157,
        "b_temp": -2.6716068699849576,
        "b_wind": -12.158000264054868,
        "intercept": 77.5778167980409,
        "n_train": 3337,
        "r2": 0.9264995157226814
      },
      "belief_form": "linear: price ~ a + b_gas*gas + b_temp*temp + b_wind*wind",
      "chain_fit": {
        "demand_r2": 0.5509408653741079,
        "n_days": 3337,
        "solar_corr": 0.7637052897902546,
        "wind_corr": 0.6102091624093562
      },
      "cold_still_spike": {
        "n_tail": 58,
        "rest_mean_price": 72.14838168918537,
        "rest_mean_residual_mw": 21113.450650438845,
        "tail_mean_price": 157.3941678740186,
        "tail_mean_residual_mw": 35466.41861967983
      },
      "per_cell": {
        "calm": {
          "bias_model": -0.24537,
          "gap": 0.3775074745602761,
          "mae_model": 9.619292,
          "mae_noskill": 25.481065,
          "n": 2637
        },
        "cold_still_tail": {
          "bias_model": -17.378847,
          "gap": 0.3972981670188839,
          "mae_model": 37.23579,
          "mae_noskill": 93.722531,
          "n": 58
        },
        "crisis": {
          "bias_model": 0.924345,
          "gap": 0.256090043305012,
          "mae_model": 24.811595,
          "mae_noskill": 96.886213,
          "n": 700
        },
        "summer": {
          "bias_model": -1.010338,
          "gap": 0.23552903130303512,
          "mae_model": 11.90352,
          "mae_noskill": 50.539501,
          "n": 823
        },
        "winter": {
          "bias_model": -0.900808,
          "gap": 0.28081860742946835,
          "mae_model": 16.680659,
          "mae_noskill": 59.400122,
          "n": 798
        }
      },
      "population_gap": 0.24635332844501845,
      "population_mae_model": 12.80617,
      "population_mae_noskill": 51.98294,
      "score_definition": "worst-explained cell (campaign req 1), not the population average",
      "tail_bias_mwh": -17.378847,
      "worst_cell": "cold_still_tail",
      "worst_cell_gap": 0.3972981670188839
    },
    "g0": 93.722531,
    "gap": 0.3972981670188839,
    "measured_at": "2026-07-20T11:33:27.040220+00:00",
    "metric": "prediction",
    "note": "W1_6 weather-physics price signal: company linear weather->price belief vs the SIM's convex merit-order DERIVED price. SCORE = worst cell (cold_still_tail, gap 0.397); the company nails the comfortable middle (population gap 0.246) but under-predicts the cold-and-still spike -- a signed under-bias on the tail (belief cannot see residual demand / the convex merit order, by the wall). R12: diagnostic, not a target.",
    "raw_gap": 37.23579,
    "run_git_commit": "34ee38543a1596a1b7e49ee60486bdb8a00569ee",
    "twin_atom_id": "C13_weather_normalisation"
  },
  "W2_10_dd_attribution_confound": {
    "baseline": "full naive effect is confound (delta_true=0); delta_naive=0.0492857, delta_true=0.0238621",
    "components": {
      "arrears_rate_dd": 0.1311908736783528,
      "arrears_rate_non_dd": 0.1804765291607397,
      "company_confound_flag": true,
      "dd_share": 0.7188,
      "delta_naive": 0.04928565548238689,
      "delta_true": 0.023862123750000002,
      "n_dd": 14376,
      "n_non_dd": 5624
    },
    "g0": 0.04928565548238689,
    "gap": 0.5158403897351521,
    "measured_at": "2026-07-13T22:06:40.528539+00:00",
    "metric": "attribution",
    "note": "fraction of the company's DD-discount business case that is SELECTION artefact: C12 delta_naive (observed non-DD arrears rate - DD arrears rate, credited wholesale to the DD channel) vs W2_10 delta_true (the do-operator causal DD effect). The DD cohort is pre-selected clean by the hidden organisation confound, so delta_naive over-credits the channel; the company cannot see this and does not correct for it.",
    "raw_gap": 0.02542353173238689,
    "run_git_commit": "b318892cea32362e6fdfd0fb41a1e0762c97d2b0",
    "twin_atom_id": "C12_channel_attribution_analytics"
  },
  "W2_11_payment_behaviour_source": {
    "baseline": "flag nobody (all detectable harm missed -> gap = 1)",
    "components": {
      "caught": 16,
      "flagged_size": 16,
      "miss_rate": 0.627907,
      "missed": 27,
      "missed_harm": 27.0,
      "total_harm": 43.0,
      "truth_size": 43
    },
    "g0": 43.0,
    "gap": 0.627906976744186,
    "measured_at": "2026-07-21T07:22:44.236159+00:00",
    "metric": "detection",