{
  "generated": "2026-07-09T00:04:33Z",
  "simulation_window": "2016-2025",
  "portfolio_summary": {
    "total_revenue_gbp": 14030699.0,
    "total_gross_gbp": 6433469.0,
    "total_net_gbp": 1526517.0,
    "total_bad_debt_gbp": 2096.0,
    "final_treasury_gbp": 3903143.0,
    "enterprise_value_gbp": 8220971.0,
    "cost_to_serve_portfolio_gbp": 18727.0
  },
  "years": [
    {
      "year": 2016,
      "revenue_gbp": 10410.0,
      "gross_gbp": 6814.0,
      "net_gbp": 743.0,
      "bad_debt_gbp": 602.0,
      "treasury_end_gbp": 2467434.0,
      "active_customers": 13,
      "policy_cost_gbp": 1701.0,
      "network_cost_gbp": 3202.0,
      "segment_split": {
        "resi electricity": {
          "gross_gbp": 3269.5447407981665,
          "capital_gbp": 32.52108459236192,
          "net_gbp": 553.2328760000379
        },
        "resi gas": {
          "gross_gbp": 810.7344050000019,
          "capital_gbp": 7.361919869999971,
          "net_gbp": 324.2937960000007
        },
        "SME electricity": {
          "gross_gbp": 2733.4248609250935,
          "capital_gbp": 46.4526664288879,
          "net_gbp": -134.51936600000016
        }
      },
      "commodity_split": {
        "electricity": {
          "revenue_gbp": 9021.949688464323,
          "wholesale_cost_gbp": 3018.980086741179,
          "gross_gbp": 6002.969601723144,
          "capital_gbp": 78.97375102126814,
          "net_gbp": 418.71351
        },
        "gas": {
          "revenue_gbp": 1388.283607,
          "wholesale_cost_gbp": 577.549203,
          "gross_gbp": 810.734405,
          "capital_gbp": 7.36191987,
          "net_gbp": 324.293796
        }
      }
    },
    {
      "year": 2017,
      "revenue_gbp": 234293.0,
      "gross_gbp": 123236.0,
      "net_gbp": 31640.0,
      "bad_debt_gbp": 302.0,
      "treasury_end_gbp": 2498375.0,
      "active_customers": 14,
      "policy_cost_gbp": 62948.0,
      "network_cost_gbp": 26176.0,
      "segment_split": {
        "resi electricity": {
          "gross_gbp": 4993.893690322487,
          "capital_gbp": 44.39034625838636,
          "net_gbp": 622.1021099999957
        },
        "resi gas": {
          "gross_gbp": 1429.5720509999983,
          "capital_gbp": 14.847933790000106,
          "net_gbp": 516.5436429999993
        },
        "SME electricity": {
          "gross_gbp": 3394.577272451767,
          "capital_gbp": 39.364837607264406,
          "net_gbp": 361.26047100000113
        },
        "I&C electricity": {
          "gross_gbp": 113418.35806300859,
          "capital_gbp": 1174.6129528864399,
          "net_gbp": 30139.915516999958
        }
      },
      "commodity_split": {
        "electricity": {
          "revenue_gbp": 231632.96418696284,
          "wholesale_cost_gbp": 109826.13516117976,
          "gross_gbp": 121806.82902578307,
          "capital_gbp": 1258.3681367521929,
          "net_gbp": 31123.278098
        },
        "gas": {
          "revenue_gbp": 2660.421679,
          "wholesale_cost_gbp": 1230.849623,
          "gross_gbp": 1429.572051,
          "capital_gbp": 14.84793379,
          "net_gbp": 516.543643
        }
      }
    },
    {
      "year": 2018,
      "revenue_gbp": 435323.0,
      "gross_gbp": 262531.0,
      "net_gbp": 101759.0,
      "bad_debt_gbp": 332.0,
      "treasury_end_gbp": 2487547.0,
      "active_customers": 15,
      "policy_cost_gbp": 119453.0,
      "network_cost_gbp": 38555.0,
      "segment_split": {
        "resi electricity": {
          "gross_gbp": 5063.084742643418,
          "capital_gbp": 40.25593749670525,
          "net_gbp": 346.74564199997764
        },
        "resi gas": {
          "gross_gbp": 1362.803976999999,
          "capital_gbp": 21.067687140000054,
          "net_gbp": 436.93755999999973
        },
        "SME electricity": {
          "gross_gbp": 3206.0108726797866,
          "capital_gbp": 31.261132845024203,
          "net_gbp": -187.38639900000163
        },
        "I&C electricity": {
          "gross_gbp": 252899.53420539465,
          "capital_gbp": 1435.4820907330422,
          "net_gbp": 101162.39940600017
        }
      },
      "commodity_split": {
        "electricity": {
          "revenue_gbp": 432208.82746812515,
          "wholesale_cost_gbp": 171040.19764740858,
          "gross_gbp": 261168.62982071657,
          "capital_gbp": 1506.9991610745449,
          "net_gbp": 101321.758649
        },
        "gas": {
          "revenue_gbp": 3113.93747,
          "wholesale_cost_gbp": 1751.133484,
          "gross_gbp": 1362.803977,
          "capital_gbp": 21.06768714,
          "net_gbp": 436.93756
        }
      }
    },
    {
      "year": 2019,
      "revenue_gbp": 1198265.0,
      "gross_gbp": 702028.0,
      "net_gbp": 233491.0,
      "bad_debt_gbp": 589.0,
      "treasury_end_gbp": 2611522.0,
      "active_customers": 17,
      "policy_cost_gbp": 311709.0,
      "network_cost_gbp": 88387.0,
      "segment_split": {
        "I&C electricity": {
          "gross_gbp": 616144.0671751699,
          "capital_gbp": 2239.2362578535117,
          "net_gbp": 222407.65752800085
        },
        "resi electricity": {
          "gross_gbp": 5779.112595140859,
          "capital_gbp": 27.674417285293025,
          "net_gbp": 812.5533700000501
        },
        "resi gas": {
          "gross_gbp": 1427.5718240000035,
          "capital_gbp": 21.4551038600003,
          "net_gbp": 489.7289999999985
        },
        "SME electricity": {
          "gross_gbp": 4050.5860359664007,
          "capital_gbp": 20.942792253946934,
          "net_gbp": -218.60227500000116
        },
        "I&C gas": {
          "gross_gbp": 74626.26883899991,
          "capital_gbp": 0.0,
          "net_gbp": 9999.917797000015
        }
      },
      "commodity_split": {
        "electricity": {
          "revenue_gbp": 1060498.379156036,
          "wholesale_cost_gbp": 434524.61334975826,
          "gross_gbp": 625973.765806278,
          "capital_gbp": 2287.853467392097,
          "net_gbp": 223001.608623
        },
        "gas": {
          "revenue_gbp": 137766.13615099998,
          "wholesale_cost_gbp": 61712.295339000004,
          "gross_gbp": 76053.840663,
          "capital_gbp": 21.45510386,
          "net_gbp": 10489.646797
        }
      }
    },
    {
      "year": 2020,
      "revenue_gbp": 1223344.0,
      "gross_gbp": 791784.0,
      "net_gbp": 128570.0,
      "bad_debt_gbp": -60.0,
      "treasury_end_gbp": 2923397.0,
      "active_customers": 19,
      "policy_cost_gbp": 470050.0,
      "network_cost_gbp": 124580.0,
      "segment_split": {
        "I&C electricity": {
          "gross_gbp": 704696.8076860084,
          "capital_gbp": 1900.2861102688955,
          "net_gbp": 116592.08053099885
        },
        "resi electricity": {
          "gross_gbp": 5687.460393041158,
          "capital_gbp": 29.544013720577787,
          "net_gbp": 1050.0664719999513
        },
        "resi gas": {
          "gross_gbp": 1207.2439439999994,
          "capital_gbp": 10.287020920000066,
          "net_gbp": 457.3593149999995
        },
        "SME electricity": {
          "gross_gbp": 4220.454817977589,
          "capital_gbp": 22.701297971823344,
          "net_gbp": 439.74421899999714
        },
        "I&C gas": {
          "gross_gbp": 75972.30543399963,
          "capital_gbp": 0.0,
          "net_gbp": 10030.761663999976
        }
      },
      "commodity_split": {
        "electricity": {
          "revenue_gbp": 1102223.9472187285,
          "wholesale_cost_gbp": 387619.22432172456,
          "gross_gbp": 714604.722897004,
          "capital_gbp": 1952.5314219615716,
          "net_gbp": 118081.891222
        },
        "gas": {
          "revenue_gbp": 121119.884163,
          "wholesale_cost_gbp": 43940.334769,
          "gross_gbp": 77179.549378,
          "capital_gbp": 10.28702092,
          "net_gbp": 10488.120979
        }
      }
    },
    {
      "year": 2021,
      "revenue_gbp": 1734715.0,