{
  "generated": "2026-07-09T23:19:19Z",
  "simulation_window": "2016-2025",
  "portfolio_summary": {
    "total_revenue_gbp": 14028772.0,
    "total_gross_gbp": 6431113.0,
    "total_net_gbp": 1524167.0,
    "total_bad_debt_gbp": 3352.0,
    "final_treasury_gbp": 3902115.0,
    "enterprise_value_gbp": 7807956.0,
    "cost_to_serve_portfolio_gbp": 18731.0
  },
  "years": [
    {
      "year": 2016,
      "revenue_gbp": 10417.0,
      "gross_gbp": 6822.0,
      "net_gbp": 1067.0,
      "bad_debt_gbp": 287.0,
      "treasury_end_gbp": 2467441.0,
      "active_customers": 13,
      "policy_cost_gbp": 1701.0,
      "network_cost_gbp": 3202.0,
      "segment_split": {
        "resi electricity": {
          "gross_gbp": 3278.026685180916,
          "capital_gbp": 32.52153575841262,
          "net_gbp": 657.3273130000355
        },
        "resi gas": {
          "gross_gbp": 810.7344050000019,
          "capital_gbp": 7.361919869999971,
          "net_gbp": 324.2937960000007
        },
        "SME electricity": {
          "gross_gbp": 2733.425184145684,
          "capital_gbp": 46.45271429453211,
          "net_gbp": 85.08091099999984
        }
      },
      "commodity_split": {
        "electricity": {
          "revenue_gbp": 9028.868701575968,
          "wholesale_cost_gbp": 3017.4168322495043,
          "gross_gbp": 6011.451869326464,
          "capital_gbp": 78.9742500529628,
          "net_gbp": 742.408224
        },
        "gas": {
          "revenue_gbp": 1388.283607,
          "wholesale_cost_gbp": 577.549203,
          "gross_gbp": 810.734405,
          "capital_gbp": 7.36191987,
          "net_gbp": 324.293796
        }
      }
    },
    {
      "year": 2017,
      "revenue_gbp": 234294.0,
      "gross_gbp": 123239.0,
      "net_gbp": 31910.0,
      "bad_debt_gbp": 33.0,
      "treasury_end_gbp": 2498703.0,
      "active_customers": 14,
      "policy_cost_gbp": 62948.0,
      "network_cost_gbp": 26176.0,
      "segment_split": {
        "resi electricity": {
          "gross_gbp": 4995.764181747103,
          "capital_gbp": 44.39379926507771,
          "net_gbp": 929.6840630000021
        },
        "resi gas": {
          "gross_gbp": 1429.5720509999983,
          "capital_gbp": 14.847933790000106,
          "net_gbp": 516.5436429999993
        },
        "SME electricity": {
          "gross_gbp": 3394.998163227578,
          "capital_gbp": 39.367726502845954,
          "net_gbp": 324.3484639999997
        },
        "I&C electricity": {
          "gross_gbp": 113418.35806300859,
          "capital_gbp": 1174.6129528864399,
          "net_gbp": 30139.915516999958
        }
      },
      "commodity_split": {
        "electricity": {
          "revenue_gbp": 231633.7807764962,
          "wholesale_cost_gbp": 109824.6603685127,
          "gross_gbp": 121809.1204079835,
          "capital_gbp": 1258.3744786545094,
          "net_gbp": 31393.948044
        },
        "gas": {
          "revenue_gbp": 2660.421679,
          "wholesale_cost_gbp": 1230.849623,
          "gross_gbp": 1429.572051,
          "capital_gbp": 14.84793379,
          "net_gbp": 516.543643
        }
      }
    },
    {
      "year": 2018,
      "revenue_gbp": 435318.0,
      "gross_gbp": 262528.0,
      "net_gbp": 101619.0,
      "bad_debt_gbp": 468.0,
      "treasury_end_gbp": 2488144.0,
      "active_customers": 15,
      "policy_cost_gbp": 119453.0,
      "network_cost_gbp": 38555.0,
      "segment_split": {
        "resi electricity": {
          "gross_gbp": 5065.241902640384,
          "capital_gbp": 40.261373372110114,
          "net_gbp": 450.7127159999393
        },
        "resi gas": {
          "gross_gbp": 1362.803976999999,
          "capital_gbp": 21.067687140000054,
          "net_gbp": 436.93755999999973
        },
        "SME electricity": {
          "gross_gbp": 3206.447401042256,
          "capital_gbp": 31.26319396308547,
          "net_gbp": -425.10187099999973
        },
        "I&C electricity": {
          "gross_gbp": 252893.52910022053,
          "capital_gbp": 1435.4626550813398,
          "net_gbp": 101156.41366699932
        }
      },
      "commodity_split": {
        "electricity": {
          "revenue_gbp": 432204.1129345248,
          "wholesale_cost_gbp": 171038.89453062142,
          "gross_gbp": 261165.21840390336,
          "capital_gbp": 1506.9872224165636,
          "net_gbp": 101182.024512
        },
        "gas": {
          "revenue_gbp": 3113.93747,
          "wholesale_cost_gbp": 1751.133484,
          "gross_gbp": 1362.803977,
          "capital_gbp": 21.06768714,
          "net_gbp": 436.93756
        }
      }
    },
    {
      "year": 2019,
      "revenue_gbp": 1198264.0,
      "gross_gbp": 702029.0,
      "net_gbp": 233982.0,
      "bad_debt_gbp": 99.0,
      "treasury_end_gbp": 2611977.0,
      "active_customers": 17,
      "policy_cost_gbp": 311709.0,
      "network_cost_gbp": 88387.0,
      "segment_split": {
        "I&C electricity": {
          "gross_gbp": 616143.5274584899,
          "capital_gbp": 2239.2346382158935,
          "net_gbp": 222407.11942900086
        },
        "resi electricity": {
          "gross_gbp": 5781.138825961124,
          "capital_gbp": 27.677661193538807,
          "net_gbp": 805.7247850000415
        },
        "resi gas": {
          "gross_gbp": 1427.5718240000035,
          "capital_gbp": 21.4551038600003,
          "net_gbp": 489.7289999999985
        },
        "SME electricity": {
          "gross_gbp": 4049.993507795394,
          "capital_gbp": 20.940970041214644,
          "net_gbp": 279.4070580000005
        },
        "I&C gas": {
          "gross_gbp": 74626.26883899991,
          "capital_gbp": 0.0,
          "net_gbp": 9999.917797000015
        }
      },
      "commodity_split": {
        "electricity": {
          "revenue_gbp": 1060498.050810977,
          "wholesale_cost_gbp": 434523.3910187297,
          "gross_gbp": 625974.6597922473,
          "capital_gbp": 2287.853269449989,
          "net_gbp": 223492.251272
        },
        "gas": {
          "revenue_gbp": 137766.13615099998,
          "wholesale_cost_gbp": 61712.295339000004,
          "gross_gbp": 76053.840663,
          "capital_gbp": 21.45510386,
          "net_gbp": 10489.646797
        }
      }
    },
    {
      "year": 2020,
      "revenue_gbp": 1223313.0,
      "gross_gbp": 791756.0,
      "net_gbp": 128482.0,
      "bad_debt_gbp": -0.0,
      "treasury_end_gbp": 2924252.0,
      "active_customers": 19,
      "policy_cost_gbp": 470049.0,
      "network_cost_gbp": 124580.0,
      "segment_split": {
        "I&C electricity": {
          "gross_gbp": 704666.2981544799,
          "capital_gbp": 1900.3228263983142,
          "net_gbp": 116561.53428099904
        },
        "resi electricity": {
          "gross_gbp": 5690.0787888715895,
          "capital_gbp": 29.54602532045652,
          "net_gbp": 1034.191949999954
        },
        "resi gas": {
          "gross_gbp": 1207.2439439999994,
          "capital_gbp": 10.287020920000066,
          "net_gbp": 457.3593149999995
        },
        "SME electricity": {
          "gross_gbp": 4219.905961918374,
          "capital_gbp": 22.699515580067494,
          "net_gbp": 398.13725099999624
        },
        "I&C gas": {
          "gross_gbp": 75972.30543399963,
          "capital_gbp": 0.0,
          "net_gbp": 10030.761663999976
        }
      },
      "commodity_split": {
        "electricity": {
          "revenue_gbp": 1102193.0942810155,
          "wholesale_cost_gbp": 387616.811375768,
          "gross_gbp": 714576.2829052474,
          "capital_gbp": 1952.568367298974,
          "net_gbp": 117993.863482
        },
        "gas": {
          "revenue_gbp": 121119.884163,
          "wholesale_cost_gbp": 43940.334769,
          "gross_gbp": 77179.549378,
          "capital_gbp": 10.28702092,
          "net_gbp": 10488.120979
        }
      }
    },
    {
      "year": 2021,
      "revenue_gbp": 1734904.0,
      "gross_gbp": 763149.0,