{
  "generated": "2026-07-04T13:59:02Z",
  "simulation_window": "2016-2025",
  "portfolio_summary": {
    "total_revenue_gbp": 14060576.0,
    "total_gross_gbp": 6452602.0,
    "total_net_gbp": 1445258.0,
    "total_bad_debt_gbp": 92551.0,
    "final_treasury_gbp": 3911894.0,
    "enterprise_value_gbp": 8826939.0,
    "cost_to_serve_portfolio_gbp": 91780.0
  },
  "years": [
    {
      "year": 2016,
      "revenue_gbp": 10410.0,
      "gross_gbp": 6814.0,
      "net_gbp": 1178.0,
      "bad_debt_gbp": 167.0,
      "treasury_end_gbp": 2467424.0,
      "active_customers": 13,
      "policy_cost_gbp": 1701.0,
      "network_cost_gbp": 3202.0,
      "segment_split": {
        "resi electricity": {
          "gross_gbp": 3269.5447407981665,
          "capital_gbp": 32.52108459236192,
          "net_gbp": 626.8423720000372
        },
        "resi gas": {
          "gross_gbp": 810.7344050000019,
          "capital_gbp": 7.361919869999971,
          "net_gbp": 296.5281520000008
        },
        "SME electricity": {
          "gross_gbp": 2733.4248609250935,
          "capital_gbp": 46.4526664288879,
          "net_gbp": 254.87617899999978
        }
      },
      "commodity_split": {
        "electricity": {
          "revenue_gbp": 9021.949688464323,
          "wholesale_cost_gbp": 3018.980086741179,
          "gross_gbp": 6002.969601723144,
          "capital_gbp": 78.97375102126814,
          "net_gbp": 881.718551
        },
        "gas": {
          "revenue_gbp": 1388.283607,
          "wholesale_cost_gbp": 577.549203,
          "gross_gbp": 810.734405,
          "capital_gbp": 7.36191987,
          "net_gbp": 296.528152
        }
      }
    },
    {
      "year": 2017,
      "revenue_gbp": 234293.0,
      "gross_gbp": 123236.0,
      "net_gbp": 30566.0,
      "bad_debt_gbp": 1375.0,
      "treasury_end_gbp": 2497718.0,
      "active_customers": 14,
      "policy_cost_gbp": 62948.0,
      "network_cost_gbp": 26176.0,
      "segment_split": {
        "resi electricity": {
          "gross_gbp": 4993.893690322487,
          "capital_gbp": 44.39034625838636,
          "net_gbp": 821.9176259999972
        },
        "resi gas": {
          "gross_gbp": 1429.5720509999983,
          "capital_gbp": 14.847933790000106,
          "net_gbp": 463.33524499999936
        },
        "SME electricity": {
          "gross_gbp": 3394.577272451767,
          "capital_gbp": 39.364837607264406,
          "net_gbp": 233.41462200000126
        },
        "I&C electricity": {
          "gross_gbp": 113418.35806300859,
          "capital_gbp": 1174.6129528864399,
          "net_gbp": 29047.37898199996
        }
      },
      "commodity_split": {
        "electricity": {
          "revenue_gbp": 231632.96418696284,
          "wholesale_cost_gbp": 109826.13516117976,
          "gross_gbp": 121806.82902578307,
          "capital_gbp": 1258.3681367521929,
          "net_gbp": 30102.71123
        },
        "gas": {
          "revenue_gbp": 2660.421679,
          "wholesale_cost_gbp": 1230.849623,
          "gross_gbp": 1429.572051,
          "capital_gbp": 14.84793379,
          "net_gbp": 463.335245
        }
      }
    },
    {
      "year": 2018,
      "revenue_gbp": 435323.0,
      "gross_gbp": 262531.0,
      "net_gbp": 99706.0,
      "bad_debt_gbp": 2385.0,
      "treasury_end_gbp": 2486407.0,
      "active_customers": 15,
      "policy_cost_gbp": 119453.0,
      "network_cost_gbp": 38555.0,
      "segment_split": {
        "resi electricity": {
          "gross_gbp": 5063.084742643418,
          "capital_gbp": 40.25593749670525,
          "net_gbp": 504.67275399998147
        },
        "resi gas": {
          "gross_gbp": 1362.803976999999,
          "capital_gbp": 21.067687140000054,
          "net_gbp": 374.65878699999985
        },
        "SME electricity": {
          "gross_gbp": 3206.0108726797866,
          "capital_gbp": 31.261132845024203,
          "net_gbp": -244.54665600000163
        },
        "I&C electricity": {
          "gross_gbp": 252899.53420539465,
          "capital_gbp": 1435.4820907330422,
          "net_gbp": 99071.38217500024
        }
      },
      "commodity_split": {
        "electricity": {
          "revenue_gbp": 432208.82746812515,
          "wholesale_cost_gbp": 171040.19764740858,
          "gross_gbp": 261168.62982071657,
          "capital_gbp": 1506.9991610745449,
          "net_gbp": 99331.508273
        },
        "gas": {
          "revenue_gbp": 3113.93747,
          "wholesale_cost_gbp": 1751.133484,
          "gross_gbp": 1362.803977,
          "capital_gbp": 21.06768714,
          "net_gbp": 374.658787
        }
      }
    },
    {
      "year": 2019,
      "revenue_gbp": 1198265.0,
      "gross_gbp": 702028.0,
      "net_gbp": 227872.0,
      "bad_debt_gbp": 6207.0,
      "treasury_end_gbp": 2606406.0,
      "active_customers": 17,
      "policy_cost_gbp": 311709.0,
      "network_cost_gbp": 88387.0,
      "segment_split": {
        "I&C electricity": {
          "gross_gbp": 616144.0671751699,
          "capital_gbp": 2239.2362578535117,
          "net_gbp": 217183.68827200125
        },
        "resi electricity": {
          "gross_gbp": 5779.112595140859,
          "capital_gbp": 27.674417285293025,
          "net_gbp": 720.6532290000508
        },
        "resi gas": {
          "gross_gbp": 1427.5718240000035,
          "capital_gbp": 21.4551038600003,
          "net_gbp": 427.5624449999985
        },
        "SME electricity": {
          "gross_gbp": 4050.5860359664007,
          "capital_gbp": 20.942792253946934,
          "net_gbp": 213.87577199999885
        },
        "I&C gas": {
          "gross_gbp": 74626.26883899991,
          "capital_gbp": 0.0,
          "net_gbp": 9326.628811000015
        }
      },
      "commodity_split": {
        "electricity": {
          "revenue_gbp": 1060498.379156036,
          "wholesale_cost_gbp": 434524.61334975826,
          "gross_gbp": 625973.765806278,
          "capital_gbp": 2287.853467392097,
          "net_gbp": 218118.217273
        },
        "gas": {
          "revenue_gbp": 137766.13615099998,
          "wholesale_cost_gbp": 61712.295339000004,
          "gross_gbp": 76053.840663,
          "capital_gbp": 21.45510386,
          "net_gbp": 9754.191256
        }
      }
    },
    {
      "year": 2020,
      "revenue_gbp": 1223377.0,
      "gross_gbp": 791806.0,
      "net_gbp": 122217.0,
      "bad_debt_gbp": 6295.0,
      "treasury_end_gbp": 2914253.0,
      "active_customers": 19,
      "policy_cost_gbp": 470058.0,
      "network_cost_gbp": 124589.0,
      "segment_split": {
        "I&C electricity": {
          "gross_gbp": 704701.8147770113,
          "capital_gbp": 1901.3795564253167,
          "net_gbp": 111153.95633799882
        },
        "resi electricity": {
          "gross_gbp": 5688.271378404653,
          "capital_gbp": 29.582119588277997,
          "net_gbp": 874.7220619999486
        },
        "resi gas": {
          "gross_gbp": 1207.2439439999994,
          "capital_gbp": 10.287020920000066,
          "net_gbp": 417.36505999999997
        },
        "SME electricity": {
          "gross_gbp": 4236.424489442505,
          "capital_gbp": 24.219074203819325,
          "net_gbp": 335.69459199999795
        },
        "I&C gas": {
          "gross_gbp": 75972.30543399963,
          "capital_gbp": 0.0,
          "net_gbp": 9435.160771999976
        }
      },
      "commodity_split": {
        "electricity": {
          "revenue_gbp": 1102256.7376771139,
          "wholesale_cost_gbp": 387630.22703227866,
          "gross_gbp": 714626.5106448353,
          "capital_gbp": 1955.1807502176841,
          "net_gbp": 112364.372992
        },
        "gas": {
          "revenue_gbp": 121119.884163,
          "wholesale_cost_gbp": 43940.334769,
          "gross_gbp": 77179.549378,
          "capital_gbp": 10.28702092,
          "net_gbp": 9852.525832
        }
      }
    },
    {
      "year": 2021,
      "revenue_gbp": 1739237.0,